Record ID,First Name,Last Name,VRM
1,Kara,Deleon,9536
2,Alejandro,Fry,9111
3,David,Watkins,9027
4,Sean,Smith,5049
5,Stephanie,Price,2566
6,William,Perez,5791
7,Donald,Randall,5426
8,Joseph,Hernandez,9365
9,Jason,Beard,7394
10,Laura,Donovan,1668
11,Kelly,Thomas,8927
12,Michael,Clark,8729
13,Julie,Neal,9064
14,Keith,Jimenez,1862
15,James,Pratt,6181
16,Bradley,Kennedy,8960
17,Alyssa,Rivera,9024
18,Brittany,Stewart,2414
19,Lisa,Hernandez,2786
20,Jessica,Marks,9480
21,Robert,Berry,8373
22,Brian,Jones,7205
23,Hannah,Moses,6343
24,Janet,Clark,7066
25,Stacy,Hopkins,7082
26,Paula,Kim,1427
27,Rita,Leon,9639
28,William,Castro,2754
29,Melinda,Miranda,9207
30,Teresa,Harvey,5627
31,John,Allen,5038
32,Richard,Garner,2783
33,Brian,Petersen,5625
34,Regina,Reeves,3817
35,Jessica,Roberts,6560
36,Philip,Gill,2727
37,Jody,Shepherd,1552
38,Lucas,Coleman,5357
39,Katherine,Smith,3046
40,Javier,Gibson,8905
41,Timothy,Cunningham,4388
42,David,Oliver,4757
43,Eric,Huffman,7939
44,Jaime,Stanley,4575
45,Kevin,Hunter,2071
46,Timothy,Clark,2314
47,Michael,Mccormick,7541
48,Melissa,Thomas,1089
49,Mark,Love,2303
50,Nancy,Carpenter,2685
51,Anthony,Carlson,4948
52,Ariel,Powers,3036
53,Kendra,Jones,7556
54,Tracy,Walker,8687
55,Lisa,Murray,8197
56,Joseph,Poole,6381
57,Stephanie,Leon,8583
58,Jennifer,Hubbard,6932
59,Jessica,Chung,5679
60,Hannah,Carter,4575
61,Sue,Hall,3381
62,Clayton,Rodriguez,4798
63,Gregory,Nichols,8964
64,Brian,Russell,5832
65,Marcus,Thomas,1917
66,Jacob,Shaw,7475
67,Katrina,Gordon,7932
68,Mike,Alexander,6160
69,Brian,Baker,5028
70,Clayton,Dickson,7806
71,Robert,Carter,5645
72,Joseph,Solis,3688
73,Jessica,White,9008
74,Corey,Trevino,8599
75,Debra,Andrade,3947
76,Christopher,Rodriguez,4659
77,Jessica,Evans,3883
78,Chelsea,Dawson,6530
79,Laura,Conway,9175
80,Barbara,Andrews,3016
81,Cheryl,White,9882
82,Craig,White,3242
83,Richard,Hernandez,1695
84,Cory,Ewing,8212
85,Joshua,Reyes,5044
86,Christian,Atkinson,1658
87,Donna,Morales,6935
88,David,Shaw,3186
89,Caleb,Ramirez,3306
90,Nathan,Jones,2664
91,Tami,Patterson,7776
92,Kevin,Patel,4388
93,Kimberly,Murphy,8255
94,David,Hughes,1651
95,James,Mason,9129
96,Joseph,Garcia,7089
97,Elizabeth,Evans,6621
98,Joseph,Harris,9721
99,Paula,Medina,4126
100,Dorothy,Hernandez,3022
101,Tiffany,Davila,8291
102,Sally,Rogers,9807
103,Jay,Moore,3527
104,Jeremy,Daniel,8298
105,Kelly,Garcia,7737
106,Valerie,Patton,3497
107,Blake,Chang,4000
108,Jeffery,Barton,7385
109,Latoya,Wheeler,3470
110,Samantha,Carrillo,2586
111,Seth,Smith,2968
112,Robert,Alexander,1652
113,Eric,Clayton,7341
114,Wayne,Grant,1722
115,Jonathan,Phillips,4765
116,Mackenzie,Smith,6853
117,Patrick,Garcia,8366
118,Christina,Brooks,6055
119,Devin,Russell,6709
120,Robin,Taylor,6317
121,Debra,Holmes,2058
122,Charles,Stevens,5883
123,Nancy,Bird,9291
124,Ann,Jones,6983
125,Arthur,Johns,4977
126,Rebecca,Hall,2277
127,Bradley,Barr,4815
128,Nicholas,Brown,2101
129,Ronald,Gilbert,4681
130,Lisa,Wilson,7296
131,Brandon,Meyer,6311
132,Katherine,Gallagher,1605
133,Jody,Lane,1090
134,Patricia,Stone,7491
135,Lisa,Williams,7398
136,Charles,Bean,7072
137,Michelle,Mccormick,1002
138,Wesley,Anderson,1570
139,Bethany,Nicholson,1437
140,Jacob,Garza,5444
141,Janice,Morris,7432
142,Philip,Jackson,7054
143,Steven,Woods,4590
144,Matthew,Williamson,5969
145,Selena,Cook,9926
146,Russell,Bernard,3105
147,Susan,Roman,1960
148,Tiffany,Patterson,3808
149,Annette,Randall,8959
150,Ryan,Johnson,2222
151,Matthew,Lynch,3394
152,Stephanie,Elliott,3629
153,Maria,Martinez,2594
154,Catherine,Hicks,5151
155,Lisa,Mitchell,4475
156,Laurie,May,3467
157,William,Wilson,7390
158,Erika,Russell,2227
159,Brittany,Armstrong,7972
160,Stephen,Campos,4005
161,Harry,Jackson,4258
162,Christian,Morales,9251
163,Kimberly,Ball,2525
164,Brian,Carter,9631
165,Sydney,Reed,7723
166,Hailey,Roberts,6295
167,Kyle,Johnson,1928
168,Cynthia,Schneider,8224
169,Stephanie,Poole,2189
170,Louis,Trujillo,4830
171,Monique,Lopez,9813
172,Daniel,Pace,2874
173,Michael,Gibbs,7234
174,Kayla,Young,7691
175,Michael,Rodriguez,5558
176,Robert,Nguyen,3223
177,Beverly,Hansen,8203
178,Nicholas,Brown,1788
179,Jennifer,Santos,4911
180,Sabrina,Patterson,3960
181,Annette,Young,9536
182,Julia,Hopkins,9291
183,Travis,Martinez,3330
184,Sharon,Dixon,3369
185,Emily,Stevens,2166
186,Kimberly,Miller,1830
187,Catherine,Lawson,8176
188,Maurice,Anthony,3543
189,Edward,Espinoza,9940
190,Brad,Boone,9374
191,Amanda,Parks,3774
192,Alexis,Sandoval,2149
193,Monique,Morrison,3467
194,Lindsey,Smith,7660
195,Jon,Nguyen,7575
196,Michael,Hernandez,4711
197,Daniel,Ward,4694
198,Ronald,Calderon,5206
199,Jennifer,Baker,5853
200,Amy,Edwards,7089
201,Daniel,Goodman,7151
202,Devin,Neal,4643
203,Gregg,Kim,3735
204,Brenda,Lambert,4284
205,Meredith,Myers,3831
206,Jeffery,Miller,1817
207,Jose,Schmidt,7645
208,Victor,Landry,3014
209,Danielle,Obrien,9038
210,Stephanie,Jimenez,2307
211,Cameron,Garcia,9269
212,Stephen,Adams,5645
213,Nancy,Clark,8967
214,Meghan,Greene,7638
215,Tyler,Glover,6097
216,Tommy,Elliott,6557
217,Roy,White,8617
218,Barry,Johnson,8642
219,Derek,West,7277
220,Daniel,Kim,3544
221,Kevin,Weaver,3442
222,Susan,Estrada,1256
223,Caleb,Gilbert,3063
224,Tammie,Garcia,3118
225,Stacey,David,2184
226,Alison,Brooks,8194
227,Shelly,Smith,1815
228,Pamela,Wong,5217
229,Teresa,Ruiz,3419
230,Craig,Garcia,5435
231,Jennifer,Davis,5348
232,Evan,Mckinney,2700
233,Albert,Alvarez,3946
234,Shawn,Blankenship,8989
235,Joseph,Rojas,4080
236,Candice,Brown,5298
237,Lauren,Williams,3808
238,Becky,Allison,4366
239,Matthew,Meyer,1993
240,Isaiah,Craig,5367
241,Jessica,Gutierrez,4778
242,Jeremy,White,1455
243,Beth,Schmidt,6202
244,Jennifer,Robinson,2057
245,Jessica,Vasquez,8040
246,Scott,Moore,6802
247,Diane,Taylor,4886
248,Anthony,Robinson,3112
249,Andre,Paul,4251
250,Kaylee,Harris,5743
251,Diana,Gutierrez,4751
252,Samuel,Graham,5962
253,Daniel,Camacho,8338
254,William,Gutierrez,6052
255,Joseph,Russell,8594
256,Jason,Grimes,8277
257,Andrea,Russell,6191
258,Joel,Best,6740
259,Sherry,Miller,5711
260,Brian,Williams,7471
261,Mary,Smith,8054
262,Kimberly,Morris,1155
263,Melissa,Davies,4383
264,Jessica,Jackson,3770
265,Nicholas,Crosby,2173
266,Hannah,Christensen,9822
267,Jessica,Sanchez,9843
268,Devin,Perez,4057
269,Calvin,Weber,5869
270,Ana,Knight,2266
271,Kristina,Greene,5216
272,Sarah,Dickerson,4573
273,Laura,Kent,3168
274,Paul,Murphy,9402
275,Maria,Kim,7639
276,Mark,Gardner,6016
277,Toni,Watson,3267
278,Tina,Hart,6798
279,Michelle,Morse,7975
280,Laura,Foster,3240
281,Paul,Rodriguez,8072
282,Jonathan,Carpenter,2991
283,Carlos,Larsen,9968
284,Diamond,Walker,7535
285,Ana,Fletcher,2706
286,Joshua,Flores,3455
287,Andrew,Conrad,5865
288,Russell,King,6446
289,Vickie,Hess,4667
290,Holly,Johnson,1818
291,Kelly,Herring,7770
292,Mallory,Smith,5288
293,Jennifer,Atkinson,5365
294,Andrea,Jones,9727
295,Christopher,Washington,7316
296,Renee,Parker,3439
297,Joseph,Tanner,3735
298,Elizabeth,Richardson,3481
299,Douglas,Perkins,5305
300,Stacy,Lopez,2188
301,Brittany,Burgess,5817
302,Joshua,Johnson,1390
303,John,Lopez,2951
304,George,Newman,3677
305,Shawn,Chandler,9196
306,Olivia,Webster,6282
307,Tanner,Lee,4424
308,Gregory,Patel,8764
309,Christopher,Mclaughlin,2211
310,Richard,Velez,2093
311,James,Thompson,4832
312,Tyler,Simmons,9407
313,Jerry,Estrada,6679
314,Jeffrey,Keller,7867
315,Jasmin,Campbell,3048
316,Christopher,Reyes,8435
317,Lee,Hart,6925
318,Sandra,Austin,5217
319,Angela,Rodriguez,7486
320,Kathy,Yoder,9728
321,Joseph,Holmes,1224
322,Lisa,Brown,6030
323,Kristen,Randall,9865
324,Mary,Dodson,4604
325,Laura,Parrish,6779
326,Nicholas,Smith,4429
327,Chad,Kennedy,5599
328,Dakota,Pope,4432
329,Stephanie,Parks,4202
330,David,White,7409
331,Douglas,Stevenson,3222
332,Travis,Oneill,5329
333,Amy,Cooper,6833
334,Rodney,Dalton,3739
335,Lauren,Moore,2883
336,Ronald,Brown,5228
337,Robert,Gomez,3986
338,John,Davis,3693
339,Stephanie,Brown,9342
340,James,Williams,6571
341,Valerie,Santos,7365
342,Cynthia,Andersen,1115
343,Lucas,Kemp,3879
344,Lisa,Horne,7347
345,John,Butler,5707
346,Jill,Dunn,2619
347,Daniel,Ingram,2135
348,Nicholas,Booker,3020
349,Paul,Aguirre,9869
350,Danielle,Parker,5683
351,Matthew,Gutierrez,1687
352,Kyle,Lyons,4604
353,Jennifer,Mullen,8501
354,Cheryl,Collins,5176
355,Brian,Henry,2276
356,Peter,Gillespie,1865
357,Erin,Rodriguez,7384
358,Julian,Carrillo,4069
359,Michael,Mcneil,3711
360,Karen,Hernandez,7038
361,Renee,Rice,7906
362,Mike,Coleman,2889
363,Christopher,Pineda,6741
364,Lynn,Allison,4832
365,Ashley,Doyle,9152
366,Rachel,Davies,1614
367,Amber,Kennedy,1363
368,Kyle,Stewart,2178
369,Scott,Francis,5044
370,Kathleen,Martinez,7431
371,Mary,Brown,1583
372,Melissa,Floyd,2220
373,Alexander,Green,6892
374,Danielle,Johnson,7890
375,Susan,Henderson,9447
376,Angela,Cain,4565
377,Jason,Martin,6120
378,Priscilla,Poole,8415
379,Evelyn,Gray,7616
380,Valerie,Rodriguez,5655
381,Kaitlyn,King,6803
382,Tina,Perez,3651
383,Larry,Shaw,1373
384,Jessica,Small,3040
385,William,Brooks,8132
386,Kyle,Smith,1866
387,Mallory,Johnson,8755
388,Dylan,Smith,7634
389,Lisa,White,9240
390,Scott,Joseph,1324
391,Stephanie,Jenkins,9212
392,David,Johnson,8270
393,Kristin,Vasquez,6409
394,Robert,Williams,5642
395,Bryan,Goodman,7083
396,Jill,Banks,5060
397,Timothy,Price,6516
398,Sean,Adams,2148
399,Stephanie,Parker,4634
400,Ricky,Cox,2053
401,Barbara,Gibson,8991
402,Kevin,Ramos,4883
403,Joseph,Williams,4782
404,Samuel,Moore,9006
405,Johnathan,Williams,3582
406,Lisa,Stevenson,2368
407,Anthony,Whitaker,2686
408,Stephanie,Mckenzie,5076
409,Eric,Strickland,4397
410,Krystal,Farley,5526
411,Scott,Wright,6138
412,Greg,Thomas,8712
413,John,Johnson,1072
414,Philip,Calhoun,3701
415,Jacqueline,Smith,7290
416,Sharon,Moreno,9262
417,Luke,Christian,1801
418,Mark,Peterson,9980
419,Jonathan,Rice,8903
420,Emily,Anderson,7825
421,Shannon,Hays,4936
422,Michelle,Scott,7232
423,Henry,Villarreal,6694
424,Keith,Bowman,3496
425,Brittany,Cantrell,3232
426,Juan,Long,1664
427,Debra,Love,2633
428,Mark,Finley,7525
429,Gregory,Smith,3956
430,Cynthia,Smith,5863
431,Sean,Johnson,1564
432,Robert,Green,5562
433,Nicole,Boyle,5403
434,Barbara,Williams,8264
435,Lisa,Hudson,7554
436,Timothy,Davidson,3458
437,Veronica,Cline,2046
438,Jeffery,Rocha,9276
439,Elizabeth,Hartman,5271
440,Cameron,Myers,3433
441,Kim,Berry,1906
442,Allison,Cunningham,7913
443,Tyler,White,4173
444,Danielle,Page,2522
445,Alexander,Patterson,7743
446,Martin,Lynn,2552
447,Marc,Hall,3086
448,Roberta,Hughes,5947
449,Christopher,King,4976
450,Austin,Cooke,8581
451,Ryan,Chambers,4192
452,Jason,Schneider,4839
453,Jose,Thompson,9527
454,Megan,Kelley,2639
455,Joel,Marks,9765
456,Donna,Noble,7685
457,Brenda,Kim,1232
458,Raymond,Mcmahon,1786
459,Charles,Brown,2428
460,Elizabeth,Moore,5661
461,Robert,Herrera,9222
462,Joe,Carr,8630
463,Donald,Bates,1127
464,Gina,Perez,3865
465,Rebecca,Swanson,6086
466,Kelsey,Wheeler,7844
467,Susan,Thompson,2916
468,Alexis,Sanchez,4138
469,Brett,Smith,7813
470,Laura,Moyer,4584
471,Charles,Coffey,5864
472,Alexandra,Gould,6230
473,Robert,Carson,2603
474,Dennis,Scott,9048
475,Megan,Burch,3826
476,Chris,Lee,3319
477,Louis,Mann,1625
478,Ernest,Thompson,8448
479,Jennifer,Clay,7554
480,Sandra,Carroll,7263
481,Kendra,Fischer,3435
482,Gregory,Johnson,1374
483,Wendy,Walls,1918
484,Adam,Carter,2472
485,Aaron,Gray,6298
486,Jessica,Simmons,8822
487,Sheila,Carter,7182
488,Amanda,Morton,7439
489,Jasmine,Miller,5862
490,Jessica,Thomas,3520
491,Kathy,Hernandez,3266
492,Jesse,Williams,9043
493,Tony,Wilson,9171
494,Michael,Francis,3386
495,Brittney,Cunningham,4003
496,Tyler,Miller,9127
497,Jennifer,Butler,9950
498,Stephanie,Miller,5746
499,Thomas,Dalton,8922
500,Alison,Young,1843
501,Brent,Ross,8555
502,Jennifer,Russell,3929
503,Jonathan,Johnson,5246
504,Carolyn,Oneill,6734
505,Trevor,Stevens,3420
506,Heather,Jennings,5536
507,Cynthia,Lopez,6471
508,Wendy,Scott,6887
509,Jacob,Powell,8395
510,Shannon,Ramsey,5875
511,Veronica,Watts,4382
512,George,Wright,7444
513,Melissa,Houston,1815
514,George,Ramirez,3545
515,Anna,Herman,1751
516,Larry,Brown,4724
517,Allison,Boone,3331
518,Nathaniel,Turner,7773
519,Frank,Barton,4384
520,Jessica,Brown,3885
521,Marie,Graves,4999
522,Randy,Santiago,3127
523,Taylor,Mccarthy,2737
524,Andrea,Sanchez,2484
525,Alexandria,Porter,1458
526,Daniel,Woods,2137
527,Crystal,Frank,6795
528,Crystal,Reeves,3913
529,John,Daniels,2326
530,Michael,Savage,5513
531,Erin,Smith,3962
532,Shannon,Brooks,2288
533,Nancy,Holt,7923
534,Joseph,Carter,2299
535,Ashley,Ramirez,5574
536,Ashley,Garcia,7962
537,Jennifer,Oconnor,4786
538,Dawn,Brown,2473
539,Megan,Walker,4379
540,Alex,Black,5690
541,Madison,Sanchez,7044
542,Mary,Taylor,2691
543,Laura,Edwards,4799
544,Chelsea,Hernandez,5141
545,Zachary,Short,9445
546,Kayla,Cook,7405
547,David,Bond,1921
548,Jeffery,Pratt,5562
549,Maria,Maldonado,6192
550,Sarah,Garcia,8271
551,Jennifer,Cross,2532
552,Kimberly,Gonzalez,7042
553,Wendy,Schmitt,8113
554,Shannon,Finley,8622
555,Sara,Wright,3047
556,Denise,Smith,1504
557,Aaron,Martin,8397
558,Shawn,Beck,1868
559,Laura,Adams,3844
560,Brianna,Bradley,7007
561,Melanie,Miller,7770
562,Tammy,Gonzales,5862
563,Sherry,Mendez,4123
564,Danielle,Griffin,8616
565,Daniel,Garner,3662
566,Anthony,Kirby,6255
567,Jane,Hatfield,8795
568,Justin,Osborn,9932
569,Duane,Pena,5173
570,Brooke,Larson,4378
571,Dana,Duncan,9586
572,James,Klein,7696
573,Joy,Rocha,4377
574,Jill,Miller,1796
575,Deborah,Kelly,1203
576,Christine,Stevenson,5790
577,Bruce,Murphy,3356
578,Brandy,Webb,7601
579,Manuel,Case,1390
580,Erica,Perez,7242
581,Cameron,Moreno,8515
582,Erin,Taylor,7962
583,Brittany,Cameron,1090
584,Eric,Alvarez,9364
585,Allison,Allen,2877
586,Karl,Khan,8882
587,Andrew,Hanson,3829
588,Sarah,Bowman,6152
589,Keith,Blake,1980
590,Wendy,Moore,1166
591,Luis,Anthony,5489
592,Sandra,Rocha,2516
593,Stephanie,Davis,5527
594,Brianna,Good,6912
595,Haley,Jones,4244
596,Tracey,Smith,5274
597,Jennifer,Norton,8489
598,Erin,Adkins,9286
599,Alexander,Brown,5511
600,Steven,Hutchinson,1722
601,Derrick,Carter,2636
602,Daniel,Lewis,3188
603,Scott,Herrera,9489
604,Heather,Morris,7457
605,Daniel,Leach,1369
606,Patty,Myers,2445
607,Michael,Christensen,7333
608,Andrew,Macias,3064
609,Hannah,Cain,5340
610,Sherry,Scott,4217
611,Christopher,Johnson,9016
612,Sonya,Flores,9008
613,Shawn,Brewer,1494
614,Devin,Hahn,4116
615,Andrea,Palmer,2557
616,Adrian,Wang,9544
617,Rebecca,Solis,4751
618,Laura,Marshall,8071
619,Richard,Hall,9832
620,Michael,Gomez,2651
621,Rachel,Farmer,1399
622,David,Bernard,7552
623,Miranda,Rojas,2872
624,Daniel,Hill,9858
625,Diane,Kline,6392
626,William,Fox,8902
627,Emily,Hubbard,5408
628,Andrea,Pearson,4898
629,Ashley,Ford,3791
630,Anthony,Williams,3261
631,Thomas,Dickerson,4024
632,Adam,Pearson,5924
633,Bradley,Steele,8570
634,Joseph,Herrera,7871
635,Gregory,Martinez,4753
636,Michelle,Morales,6534
637,Nicole,Taylor,5183
638,Michele,Simpson,5965
639,Nicole,Allen,4113
640,Randall,Taylor,9793
641,John,Lowery,2851
642,Marie,Wu,4738
643,Blake,Harris,2133
644,Heather,Owens,1029
645,Susan,Collins,7038
646,James,Herman,4747
647,Christopher,Griffith,9712
648,Roberto,Reyes,9120
649,Lisa,Wagner,4974
650,Gabrielle,Marquez,9929
651,Donna,Martin,6914
652,Matthew,Cox,3143
653,Donna,Rodgers,2083
654,Troy,Walker,3733
655,Tara,Lopez,8150
656,Jose,Jones,7090
657,Katherine,Thompson,7452
658,Savannah,Hunter,5526
659,David,West,8498
660,Stephen,Sanchez,8751
661,Alexandra,Matthews,2740
662,Roberta,White,3909
663,Scott,Mayo,2079
664,Mariah,Zhang,3567
665,David,Griffin,9399
666,Ross,Smith,8565
667,Hannah,Gutierrez,7379
668,Chelsea,Davila,2627
669,Megan,Oliver,5797
670,Jamie,Carter,6804
671,Cheryl,Nguyen,5503
672,Casey,Espinoza,1365
673,Sara,Roberts,2127
674,John,Cunningham,4305
675,Clinton,Horton,7359
676,Paula,Jones,2626
677,Patricia,Martin,6912
678,Andrew,Jones,7659
679,Patrick,Flores,7784
680,Robert,Torres,8552
681,Alan,Carroll,7710
682,Michael,Randolph,5945
683,Spencer,Martinez,7407
684,Andrew,Yates,3081
685,Amy,Schmidt,3736
686,Cathy,Ortiz,1229
687,Michael,Bell,3216
688,Johnny,Jones,9201
689,Gloria,Olson,6207
690,Steven,Benjamin,8881
691,Mary,Stout,6860
692,Lori,Monroe,8882
693,Samuel,Greer,6284
694,Jason,Perez,2923
695,Roy,Rodriguez,4970
696,Rebecca,Bell,4026
697,Kristy,Scott,8074
698,Rebecca,White,5579
699,Sean,Lawson,7251
700,Matthew,Mitchell,4339
701,Darren,Solomon,3064
702,Jeffrey,Acevedo,3764
703,Patricia,Greene,6128
704,Zachary,Christian,8197
705,Amber,Moss,8847
706,Sarah,Holland,5660
707,Daniel,Martinez,1491
708,Michael,Rivas,8465
709,Michael,Stephens,4341
710,Brittany,Hansen,8153
711,Laura,Glover,2305
712,Juan,Berry,3627
713,Mark,Hall,1231
714,Brandon,Reynolds,2259
715,Shelly,Jones,9870
716,Natasha,Oconnor,2525
717,James,Cunningham,2966
718,Angela,Hernandez,8703
719,Jimmy,Martin,3554
720,Timothy,Norman,1316
721,April,Calhoun,6944
722,Angela,Cruz,5150
723,Cassie,Everett,5139
724,Joseph,Johnson,8910
725,David,Castro,4498
726,Kevin,Singleton,7783
727,Alyssa,Hurley,1388
728,Javier,Garcia,2089
729,Mary,Robinson,2263
730,Stanley,Stevens,5304
731,Jesse,Lynch,1340
732,Regina,Williams,7628
733,Matthew,Anderson,2568
734,Gabriel,Dean,9088
735,Erik,Pitts,7219
736,Andrea,Little,6428
737,Michelle,Diaz,3593
738,Brandon,Johnson,9020
739,Nicholas,Brooks,2798
740,Sherri,Davis,8177
741,Jake,Johnson,3955
742,Traci,West,8767
743,Richard,Navarro,2058
744,Jose,Garrison,2535
745,Matthew,Greene,7081
746,Ryan,Ingram,4290
747,Christina,Hayes,4343
748,Gabriel,Gray,5933
749,Robin,Harrison,4795
750,Tiffany,Moreno,6539
751,Holly,Smith,5421
752,James,Meyer,1925
753,Adam,Thompson,1710
754,Claudia,Koch,2932
755,Kimberly,Nguyen,7551
756,Justin,Townsend,4347
757,Christopher,Guerrero,9587
758,Lisa,Campbell,8582
759,Thomas,Robinson,5822
760,John,Johnson,7566
761,Kaitlyn,Baker,2754
762,Chad,Ritter,6127
763,Jennifer,May,7147
764,Rachel,Jackson,6814
765,Laura,Barton,3689
766,Colleen,Williams,1065
767,Richard,Velez,3563
768,Dawn,Allen,9638
769,Rebecca,Love,5035
770,Katherine,Frank,9575
771,Aaron,Jones,7994
772,Joshua,Ballard,1789
773,Marilyn,Matthews,7792
774,Lindsey,Garner,7994
775,Raymond,Reyes,3063
776,Patrick,Perez,9610
777,Shelby,Stevenson,6590
778,Samuel,Conner,6641
779,Lauren,Lopez,2660
780,Christie,Smith,5127
781,Brent,Cooper,9669
782,Matthew,Cooper,1385
783,Calvin,Mcmahon,8349
784,Jeffrey,Russell,1668
785,Anna,Rodriguez,8308
786,Melissa,Crawford,7483
787,Jim,Wright,8247
788,Heather,Bridges,4144
789,Ryan,Miller,1906
790,Alejandra,Freeman,7620
791,Vanessa,Miles,8725
792,Elizabeth,Robertson,9234
793,Alan,Owen,8686
794,Anthony,Rodriguez,4686
795,Rachel,Hooper,9427
796,Lisa,Hull,1161
797,William,Cannon,2295
798,Kara,Rogers,4235
799,Shelby,Marshall,1392
800,Jeffrey,Jackson,3669
801,Traci,Smith,6749
802,John,Moore,6025
803,Kathryn,Brown,4609
804,John,Price,4472
805,Sarah,Price,1649
806,Matthew,Lopez,9651
807,Kelly,Wiggins,9008
808,Lisa,Jones,3367
809,David,Riley,9434
810,Anthony,Hart,3085
811,Edward,Day,8865
812,Courtney,Barrett,5904
813,Luis,Brewer,4548
814,Sarah,Stewart,1028
815,Mark,Daniels,6484
816,Mark,Hall,1650
817,Randy,Nelson,1930
818,Justin,Phillips,1284
819,Christine,Collins,2633
820,Michele,Butler,2359
821,Marc,Jones,5233
822,Christina,Stuart,8370
823,Tyler,Tran,9213
824,Linda,Ruiz,2393
825,Kayla,Aguilar,9148
826,Nathaniel,Miles,6912
827,Cindy,Guerrero,8909
828,Sean,Bell,3505
829,Sara,Matthews,8879
830,Christina,Kennedy,7837
831,Jennifer,Lewis,7447
832,Steven,Berry,1524
833,Amanda,Thomas,9441
834,Marvin,Wallace,1722
835,Christopher,Smith,1484
836,Paula,Green,4739
837,James,Allison,8235
838,Jeremy,Duran,8249
839,John,Martin,1673
840,Kimberly,Harris,2314
841,James,Mason,3424
842,Sheila,Brown,3791
843,Joseph,Perez,1353
844,Erika,Carlson,3764
845,Brian,Hull,9383
846,Brett,Miles,6478
847,Misty,Pugh,8731
848,Gabrielle,Shea,1060
849,Tim,Jefferson,7365
850,Scott,Smith,8364
851,Derek,Ray,6531
852,Matthew,Boyer,6398
853,Amy,Gray,3372
854,Kevin,Stout,3740
855,Lisa,Williams,2072
856,William,Petty,1152
857,Samuel,Roman,6269
858,Debbie,Mueller,3711
859,Kendra,Floyd,7686
860,Kaitlin,Morton,9479
861,Thomas,Hurst,5631
862,Destiny,Norman,2445
863,Betty,Byrd,9520
864,Bethany,Luna,7145
865,Christina,Walker,4716
866,Michael,Bonilla,7927
867,Ashley,Cherry,7467
868,Alyssa,Garcia,7459
869,Nancy,Bradley,8376
870,Lisa,Hart,1681
871,Robert,Burton,3033
872,Margaret,Velazquez,9740
873,Joseph,Contreras,9517
874,Victoria,Padilla,3708
875,James,Ayers,5974
876,Angelica,Howard,2106
877,Sarah,Gardner,6713
878,Jessica,Walker,3324
879,Michael,White,6640
880,David,West,3862
881,Harold,Mcdonald,1415
882,Michelle,Hart,2377
883,Elizabeth,Campos,4895
884,Sean,Roberts,3855
885,David,Shields,1832
886,Taylor,Davis,2718
887,Charles,Dudley,2206
888,Marcus,Burns,4588
889,Victoria,Hart,7025
890,Jorge,Chen,5824
891,James,Rhodes,1332
892,Melanie,Perkins,1315
893,Timothy,Kelley,1203
894,Jennifer,Benitez,6688
895,Rodney,Barnett,3247
896,Joseph,Campbell,7038
897,Manuel,Romero,1003
898,Angela,Gaines,2710
899,Andrea,Harris,2100
900,John,Oneill,5041
901,Heather,Crawford,9465
902,Jeffrey,Wright,3736
903,Maureen,Dyer,3179
904,Darin,Rodriguez,9569
905,Timothy,Christensen,7750
906,Sierra,Glenn,4349
907,William,Hodges,6805
908,Tina,Sanders,8727
909,Victoria,Terry,3282
910,Stephen,Howell,8080
911,Jillian,Brewer,7561
912,Andrew,Harris,5921
913,Jessica,Owens,5007
914,Amy,Diaz,8189
915,Alicia,Brown,6092
916,Kristina,Wells,8745
917,Maria,Crawford,4308
918,Michael,Wright,8216
919,Terri,Trevino,8289
920,Mark,Davis,4102
921,William,Barker,5996
922,Savannah,Gonzalez,6678
923,Melissa,Parker,9416
924,Kayla,Bishop,2318
925,Paul,Mccormick,2701
926,Michele,Brandt,2402
927,Shaun,Barry,9627
928,Mark,Gordon,7341
929,Tiffany,Duke,5079
930,Sonya,Marshall,9069
931,Justin,Sanchez,9685
932,Jonathon,Nguyen,3586
933,Rhonda,Torres,4164
934,Kathleen,Edwards,2318
935,Brian,Armstrong,9334
936,Joseph,Boyd,2964
937,Karen,Alvarez,6248
938,Jeremy,Barker,5094
939,Kelly,Wilson,1055
940,Phillip,Young,7729
941,Kevin,Cox,7559
942,Susan,Herrera,3461
943,Monica,Smith,3070
944,Pam,Le,9334
945,Kelly,Spencer,1776
946,Angela,Wolf,7051
947,Tiffany,Fox,8765
948,David,Hardin,4430
949,Ryan,Fisher,5063
950,Jennifer,Nelson,4846
951,Richard,Patterson,2700
952,Keith,Stephens,3481
953,John,Anderson,8211
954,William,Burns,4416
955,Amanda,Greene,1950
956,Shannon,Huber,7314
957,Tiffany,Brown,6454
958,Patricia,Stone,5969
959,Meagan,James,5996
960,Ashley,Tyler,9532
961,Kelly,Ross,5138
962,Rhonda,Moon,8155
963,Christopher,Hogan,6298
964,Tracy,Hines,2391
965,Stephanie,Butler,6017
966,Ellen,Le,2618
967,Regina,Gonzalez,1799
968,Carla,Singh,2289
969,William,Montgomery,4388
970,Emily,Mendez,9830
971,Lydia,Moss,2766
972,Jenna,Calderon,9022
973,John,Black,6519
974,Julia,Green,1456
975,Jacob,Ramos,5461
976,Curtis,Ortiz,4307
977,Michael,Adams,9383
978,Diane,Wolf,7053
979,Christopher,Marquez,5825
980,Jason,Stewart,9294
981,Danielle,Powell,3286
982,Mark,Dawson,4119
983,David,Mcintyre,1869
984,John,Washington,4052
985,Kristen,Cox,8078
986,Alison,Mendoza,3258
987,Timothy,Wilson,8497
988,Mark,Gilmore,4128
989,Travis,Dunn,2935
990,Henry,Smith,7689
991,Joan,James,1817
992,Ryan,Hurley,7989
993,Michelle,Liu,1358
994,Alejandro,Stanley,6476
995,Caitlin,Collins,6025
996,Jason,Ross,9055
997,Emma,Wilson,3084
998,Alyssa,Short,4850
999,Alicia,Burns,1022
1000,Sonya,Coleman,9383
